{"IcoMoonType":"selection","icons":[{"icon":{"paths":["M926.405 473.438c-22.821-21.012-49.32-46.407-77.195-75.082-80.794-83.095-176.227-196.847-224.683-313.144l67.517-28.131c42.976 103.139 130.396 208.813 209.603 290.289 39.219 40.339 75.666 73.984 102.29 97.524 13.305 11.761 24.123 20.974 31.576 27.214 3.723 3.119 6.605 5.492 8.536 7.068l2.67 2.172 0.117 0.091 35.708 28.568-38.495 30.831c-1.931 1.575-4.813 3.948-8.536 7.068-7.453 6.238-18.271 15.452-31.576 27.213-26.624 23.54-63.071 57.185-102.29 97.524-79.206 81.476-166.627 187.153-209.603 290.284l-67.517-28.131c48.456-116.29 143.89-230.045 224.683-313.14 27.875-28.672 54.374-54.064 77.188-75.075h-926.398l-0-73.143h926.406z"],"attrs":[{"strokeLinejoin":"miter","strokeLinecap":"butt","strokeMiterlimit":"4","strokeWidth":73.14285714285714}],"width":1097,"isMulticolor":false,"isMulticolor2":false,"grid":0,"tags":["arrow"]},"attrs":[{"strokeLinejoin":"miter","strokeLinecap":"butt","strokeMiterlimit":"4","strokeWidth":73.14285714285714}],"properties":{"order":355,"id":5,"name":"arrow","prevSize":32,"code":59648},"setIdx":0,"setId":38,"iconIdx":0},{"icon":{"paths":["M597.333 85.333c77.653 0 150.613 21.333 213.333 57.6-127.573 73.813-213.333 211.2-213.333 369.067s85.76 295.253 213.333 369.067c-61.163 36.083-134.737 57.456-213.292 57.6l-0.042 0c-235.52 0-426.667-191.147-426.667-426.667s191.147-426.667 426.667-426.667z"],"attrs":[{}],"isMulticolor":false,"isMulticolor2":false,"grid":0,"tags":["dark"]},"attrs":[{}],"properties":{"order":356,"id":3,"name":"dark","prevSize":32,"code":59649},"setIdx":0,"setId":38,"iconIdx":1},{"icon":{"paths":["M512 0c-288 0-512 224-512 512 0 336 304 480 352 480 32 0 32-16 32-32v-80c-112 32-160-32-176-80 0 0 0-16-32-48-16-16-80-48-16-48 48 0 80 64 80 64 48 64 112 48 144 32 0-32 32-64 32-64-128-16-224-64-224-240q0-96 48-144s-32-64 0-144c0 0 80 0 144 64 48-32 208-32 256 0 64-64 144-64 144-64 32 112 0 144 0 144q48 48 48 144c0 176-112 224-224 240 16 16 32 48 32 96v128c0 16 0 32 32 32 48 0 352-144 352-480 0-288-224-512-512-512z"],"attrs":[{}],"isMulticolor":false,"isMulticolor2":false,"grid":0,"tags":["github"]},"attrs":[{}],"properties":{"order":357,"id":2,"name":"github","prevSize":32,"code":59650},"setIdx":0,"setId":38,"iconIdx":2},{"icon":{"paths":["M512 682.667q-71.296 0-120.96-49.664-49.707-49.749-49.707-121.003t49.707-120.96 120.96-49.707 121.003 49.707 49.664 120.96-49.664 121.003-121.003 49.664zM213.333 533.333h-149.333v-42.667h149.333zM960 533.333h-149.333v-42.667h149.333zM490.667 213.333v-149.333h42.667v149.333zM490.667 960v-149.333h42.667v149.333zM287.829 315.904l-92.16-89.515 29.653-31.787 90.069 91.093zM798.72 829.397l-90.325-91.349 27.819-29.952 92.16 89.515zM708.096 287.787l89.515-92.16 31.787 29.653-91.093 90.069zM194.645 798.72l91.307-90.325 28.331 27.819-88.747 92.971z"],"attrs":[{}],"isMulticolor":false,"isMulticolor2":false,"grid":0,"tags":["light"]},"attrs":[{}],"properties":{"order":358,"id":1,"name":"light","prevSize":32,"code":59651},"setIdx":0,"setId":38,"iconIdx":3},{"icon":{"paths":["M512 20.48c-271.462 0-491.52 220.058-491.52 491.52s220.058 491.52 491.52 491.52 491.52-220.058 491.52-491.52-220.058-491.52-491.52-491.52zM391.68 715.725h-99.533v-320.307h99.533zM341.299 356.096c-31.437 0-51.763-22.272-51.763-49.818 0-28.109 20.941-49.715 53.043-49.715s51.763 21.606 52.378 49.715c0 27.546-20.275 49.818-53.658 49.818zM755.2 715.725h-99.533v-177.51c0-41.318-14.438-69.376-50.432-69.376-27.494 0-43.827 18.995-51.046 37.274-2.662 6.502-3.328 15.718-3.328 24.883v184.678h-99.584v-218.112c0-39.987-1.28-73.421-2.611-102.195h86.477l4.557 44.493h1.997c13.107-20.89 45.21-51.712 98.918-51.712 65.485 0 114.586 43.878 114.586 138.189z"],"attrs":[{}],"isMulticolor":false,"isMulticolor2":false,"grid":0,"tags":["linkedin"]},"attrs":[{}],"properties":{"order":359,"id":0,"name":"linkedin","prevSize":32,"code":59652},"setIdx":0,"setId":38,"iconIdx":4}],"height":1024,"metadata":{"name":"icomoon"},"preferences":{"showGlyphs":true,"showQuickUse":true,"showQuickUse2":true,"showSVGs":true,"fontPref":{"prefix":"icon-","metadata":{"fontFamily":"icomoon"},"metrics":{"emSize":1024,"baseline":6.25,"whitespace":50},"embed":false},"imagePref":{"prefix":"icon-","png":true,"useClassSelector":true,"color":0,"bgColor":16777215,"classSelector":".icon","name":"icomoon"},"historySize":50,"showCodes":true,"gridSize":16}}